androidVersion,androidVersionText,appId,containsAds,contentRating,currency,description,developer,genre,genreId,installs,minInstalls,permission,price,privacyPolicy,ratings,released,score,size,summary,title,url,version
4.4,4.4 and up,org.cashbee.quasar.app,,Rated for 3+,CNY,"Enjoy fast and reliable online peso cash loan with fast cash disbursement, easy payment terms and low interest rates with CashBee! It is a safe and secure online mobile loan app designed to give Filipinos access to financial credit and success.You‚Äôll receive your cash loan thru your bank account, GCash, Coins.ph wallet or the nearest RD & M Lhuillier Pawnshop within 5 minutes upon approval.No paperworks needed. No collaterals, no co-guarantor required.Requirements1. CashBee App2. One (1) Valid IDHow Simple is the Process?1. Complete your loan information profile in the app.2. Keep your line open for our verification call & approval.3. Get your cash from your chosen disbursement channelHow much can I borrow? *‚Ä¢ Your starting credit will range from Php 2,000-3,000.‚Ä¢ Your credit limit will increase up to Php 20,000 by making loan payments earlier or on time.How Quickly Will I Get My Money?Upon submission of complete information and clear copy of the requirements, you may get your cash loan as fast as 5 minutes thru your Bank Account, GCash, Coins.ph, RD Pawnshop or M Lhuillier Pawnshop.How Do I Repay My Loan?Always take note of your CONTRACT NUMBER.‚Ä¢ Online via GCash: Select ‚ÄòPay Bills‚Äô, choose ‚ÄòSKYPAY‚Äô‚Ä¢ Visit any 7-Eleven, RD or M Lhuillier Pawnshop branchesWhy use CashBee?‚Ä¢ EASY. Our simple and secure application process will let you borrow money instantly and safely‚Ä¢ FAST. We approve and disbursed your money right away. The best for those who need cash urgent and emergency.‚Ä¢ SAFE AND SECURE. CashBee is strictly compliant with the Data Privacy Law. We respect your privacy!‚Ä¢ DEDICATED CUSTOMER SERVICE. Our friendly Agents and Specialists will assist you professionally.Have questions? Visit www.cashbee.ph to check out our FAQs.Customer Service Email: info@cashbee.phCashBee is an online credit services brought to you by Cashbee Lending Services Inc. SEC Registration No.: CS201912321. Certificate of Authority No.: 3041. TIN: 010-370-021.Ready to get started? Download the CashBee app and apply for a loan today.*CashBee reminds you to always check the fees, terms and conditions of your loan offer before accepting your loan.Product Information: Loan amount: Php2,000 - 20,000Loan term: 90 days ‚Äì 120 daysMaximum APR : 20%Transaction fee: php 0 - Php 150Other fees: One-time sign up fee, service fee. Minimum 10%, Maximum 20%Interest calculationIf your loan amount is Php5,000, APR is 15%,service fee is 15%, term is 90 days, on the due date the amount payable is 5,934 (5,000+5,000*15%/365*90+5,000*15%)Effective Interest Rate (EIR) expressed as interest rate per month.",Cashbee,Finance,FINANCE,"100,000+",100000,,0,https://cashbee.ph/policy.html,6983,"August 11, 2021",3.904829502105713,13M,An online loan app that we design for Filipinos and only serve Filipinos,CashBee - Fast Online Peso Cash Loan,https://play.google.com/store/apps/details?id=org.cashbee.quasar.app,2.1.3
Varies with device,Varies with device,com.google.android.apps.docs,,Rated for 3+,CNY,"Google Drive, part of Google Workspace,  is a safe place to back up and access all your files from any device. Easily invite others to view, edit, or leave comments on any of your files or folders.With Drive, you can:‚Ä¢ Safely store and access your files anywhere‚Ä¢ Quickly access recent and important files‚Ä¢ Search for files by name and content‚Ä¢ Share and set permissions for files and folders‚Ä¢ View your content on the go while offline‚Ä¢ Receive notifications about important activity on your files‚Ä¢ Use your device‚Äôs camera to scan paper documentsGoogle Workspace subscribers have access to additional Drive functionality, including:‚Ä¢ Easily managing users and file sharing to help meet data compliance needs‚Ä¢ Sharing files and folders directly with groups or teams within your organization‚Ä¢ Creating a shared drive to store all of your team‚Äôs contentLearn more about Google Workspace Drive: https://workspace.google.com/products/drive/Learn more about Google Apps update policy: https://support.google.com/a/answer/6288871Google accounts get 15GB of storage free, shared across Google Drive, Gmail, and Google Photos. For additional storage, you can upgrade to Google Workspace or Google One as an in-app purchase. Subscriptions start at $1.99/month for 100 GB in the US, and can vary by region.Google Privacy Policy: https://www.google.com/intl/en_US/policies/privacyGoogle Drive Terms of Service: https://www.google.com/drive/terms-of-serviceFollow us for more:Twitter: https://twitter.com/googleworkspaceLinkedin: https://www.linkedin.com/showcase/googleworkspaceFacebook: https://www.facebook.com/googleworkspace/",Google LLC,Productivity,PRODUCTIVITY,"5,000,000,000+",5000000000,,0,http://www.google.com/policies/privacy,8307698,"September 24, 2021",4.280472755432129,Varies with device,"Store, access, and share securely with Google Drive, part of Google Workspace.",Google Drive,https://play.google.com/store/apps/details?id=com.google.android.apps.docs,Varies with device
Varies with device,Varies with device,com.yahoo.mobile.client.android.mail,Contains Ads,Rated for 3+,CNY,"Thanks for checking out the Yahoo Mail app‚Äîthe best email app to organize your Gmail, Microsoft Outlook, AOL, AT&T and Yahoo mailboxes. Whether you need a clutter-free mailbox, added customization, different views for deals, and attachments, or even more storage, we‚Äôve got you covered. Favorite features:Don‚Äôt make your other inboxes jelly. Add your Gmail, Outlook or AOL account and keep everything in one place. Custom settings, colors and notifications make it a breeze to keep your accounts separate.Go forth and unsubscribe from the spam and junk mail you don‚Äôt want to see in your inbox. Yahoo Mail shows all the mailing lists you're subscribed to on one screen and makes it easy to opt-out in one tap.Rain or shine, you‚Äôre one tap away from what‚Äôs happening. Find weather and news highlights right from your email app. 	Looking for that one doc from that one person? Or, a photo from brunch three Sundays ago? Don‚Äôt panic, It‚Äôs right here. See all of your photos and files attachments in one easy view.Your inbox, your vibe. Customize the bottom nav bar with the folders and views you care about most. Then, pick custom sounds, themes, swipes to add your own flavor and unboring your inbox. Travel stress-free. This view keeps all of your flight information in one organized spot. Smart Updates, from gate changes to delays and cancellations, will instantly appear in the app, so once you check in‚Äîyou can check waaaaaay out.Expires today? Challenge accepted. See the deals from your inbox in one quick view or enable location permissions to see a map of deals near you and get notified in real-time as you walk into your favorite stores.Win at groceries, every time. Add your grocery store loyalty cards to save coupons that will automatically get applied at checkout. Only see emails from your favorite people. Ignore the robots.Choose from several categories of notifications, custom sound alerts and visual settings‚Äîso, you get the reminders you need. And none you don‚Äôt.  Features high contrast themes, dynamic text resizing, and optimized for use with VoiceOver screen readers. Plus, folders at the bottom of the Inbox allow assistive technology users to navigate with less effort.You can‚Äôt see your whole world without room to roam. Download the app and you‚Äôll never have to delete memories to get your mail again.Get ad-free mail, extra organization and privacy features, and 24/7 tech support across your Android mobile devices.+	Available as an in-app purchase at $1.99/month +	Subscription will auto-renew each month or year within 24 hours of your renewal date+	Manage or cancel your subscription via Account SettingsTerms of service: https://policies.yahoo.com/us/en/yahoo/terms/product-atos/comms-mailadfree/index.htmPrivacy policy: https://policies.yahoo.com/us/en/yahoo/privacy/products/mail/index.htmPlease note: This app features Nielsen‚Äôs proprietary measurement software which will allow you to contribute to market research, like Nielsen‚Äôs TV Ratings. Please see www.nielsen.com/digitalprivacy for more information. You may also visit Settings in the app to opt-out of Nielsen measurement.",Yahoo,Communication,COMMUNICATION,"100,000,000+",100000000,,0,https://policies.yahoo.com/xw/en/yahoo/privacy/directory/international/index.htm,5532524,"September 22, 2021",4.475170612335205,Varies with device,Works with Gmail & Outlook email accounts. 1000 GB of free email storage!,Yahoo Mail ‚Äì Organized Email,https://play.google.com/store/apps/details?id=com.yahoo.mobile.client.android.mail,Varies with device
4.4,4.4 and up,org.pedicash.app,,Rated for 3+,CNY,"Pwede Fast Basta Pedicash!Requirements:1. Any functioning smartphone2. PediCash App3. One (1) Valid IDHow do I Apply?1. Download the PediCash App in Google Play2. Go through the quick registration process3. Verify your identity4. Wait for approvalWhat do I need to register?1. Upload one (1) VALID ID2. NO OTHER REQUIREMENTS NEEDEDHow are your privacy and permissions policies?- Pedicash values your privacy. The submitted photo of your government-issued ID and other personal information will be used to verify your credit profile on our system. We will NEVER share any of your information without your direct consent or explicit permission.On the app, we will require the following permissions to verify your identity:Location Access - To auto-verify your address.Contacts Access - To easily nominate your contact references.Camera Access - To scan your ID to complete ID verificationHow safe are my personal details?All personal details are fully secure and protectedData privacy agreements are insisted upon registeringRoutine assessments are done to ensure quality data protectionHow and how fast can I receive the cash?Approval of loan application can take up to 5 minutes to 24 hoursUpon approval, expect same-day disbursement through SkypayCash out centers: RD Pawnshop and M LhuillierOther withdrawal channels: Bank Transfer, GCash or Coins.phHow do I repay my loan?Payment can be partial or in full, as long as it is within the loan periodYou may check your loan term duration on the appPay through our select payment channels: RD Pawnshop, M Lhuillier, 7-Eleven, True Money, EC Pay and GCashWhat loan term packages do you offer?We offer a variety of packages depending on your VIP LevelPRODUCT INFORMATIONAmount:‚Ç±3,000-‚Ç±30,000Term: 90days to 360 daysinterest rateÔºö18%Service fee: 3% to 5%Transfer Fee: ‚Ç±0-‚Ç±200APR: 21%(minimum) - 30%(maximum)Example:Loan Amount: ‚Ç± 20,000Loan Term:180 dayswith Interest rate: 18%Transfer fee: ‚Ç± 0Service fee is ‚Ç± 600Total service fee and interest will be ‚Ç± 2,400 pesos.Total received amount is ‚Ç±19,400No monthly paymentTotal repayment for 180 days is ‚Ç± 21,800 (20,000*18%/360*180+20,000) only pay on the due dateAPR is 24%Why choose PediCash?PediCash offers all the basic features available in any other app:A simple and straightforward application processMultiple layers of account securityFast and reliable cash disbursementRegular events and promosWhat sets PediCash apart from any other loaning apps is that our upward movement is faster than any other app. Using our app allows you to increase your VIP level with just a few loan applications, giving you:1. Increased Loan Amounts2. Increased Loan Durations3. Lower Processing FeesContact UsPedicash is one of the newest Micro-Lending applications catered to giving Filipinos a quick and reliable loaning experience. Pwede Fast Basta Pedicash!For questions, feedbacks, or concerns, please contact us at:Website: www.pedicash.phFacebook: https://www.facebook.com/pedicashphEmail: info@pedicash.phPlease visit us on our FB page for the latest updates to the PediCash FAQsPedicash is operated by Whale Tail Lending Services Inc., a licensed financing company with SEC Registration No. CS202105682 and Certificate of Authority No. 3462. Always study the terms and conditions and the disclosure statement before proceeding with any loan transaction.What are you waiting for? Download the APP now and be part of our Pedicash Family!",Pedicash PH,Finance,FINANCE,"100,000+",100000,,0,https://www.pedicash.ph/privacy-policy,1468,"June 14, 2021",4.621301651000977,11M,The new Micro-Lending app catered to give Filipinos a reliable loan experience.,Pedicash - Instant Online Microloan,https://play.google.com/store/apps/details?id=org.pedicash.app,1.6.2
Varies with device,Varies with device,com.niksoftware.snapseed,,Rated for 3+,CNY,"Snapseed is a complete and professional photo editor developed by Google.== KEY FEATURES==‚Ä¢ 29 Tools and Filters, including: Healing, Brush, Structure, HDR, Perspective (see list below)‚Ä¢ Opens JPG and RAW files‚Ä¢ Save your personal looks and apply them to new photos later‚Ä¢ Selective filter brush‚Ä¢ All styles can be tweaked with fine, precise control== TOOLS, FILTERS AND FACE ==‚Ä¢ RAW Develop ‚Äì open and tweak RAW DNG files; save non-destructively or export as JPG‚Ä¢ Tune image ‚Äì adjust exposure and color automatically or manually with fine, precise control‚Ä¢ Details ‚Äì magically brings out surface structures in images‚Ä¢ Crop ‚Äì crop to standard sizes or freely‚Ä¢ Rotate ‚Äì rotate by 90¬∞, or straighten a skewed horizon‚Ä¢ Perspective ‚Äì fix skewed lines and perfect the geometry of horizons or buildings‚Ä¢ White Balance ‚Äì adjust the colors so that the image looks more natural‚Ä¢ Brush ‚Äì selectively retouch exposure, saturation, brightness or warmth‚Ä¢ Selective ‚Äì the renown ‚ÄúControl Point‚Äù technology: Position up to 8 points on the image and assign enhancements, the algorithm does the rest magically‚Ä¢ Healing ‚Äì remove the uninvited neighbor from a group picture‚Ä¢ Vignette ‚Äì add a soft darkness around the corners like a beautiful, wide-aperture would do‚Ä¢ Text ‚Äì add both stylized or plain text‚Ä¢ Curves - have precise control over the brightness levels in your photos‚Ä¢ Expand -  increase the size of your canvas and fill up the new space in smart ways with content of your image‚Ä¢ Lens Blur ‚Äì add a beautiful Bokeh to images (background softening), ideal for photographic portraits‚Ä¢ Glamour Glow ‚Äì add a fine glow to images, great for fashion or portraits‚Ä¢ Tonal Contrast ‚Äì boost details selectively in the shadows, midtones and highlights‚Ä¢ HDR Scape ‚Äì bring a stunning look to your images by creating the effect of multiple exposures‚Ä¢ Drama ‚Äì add a hint of doomsday to your images (6 styles)‚Ä¢ Grunge ‚Äì an edgy look with strong styles and texture overlays‚Ä¢ Grainy Film ‚Äì get modern film looks with realistic grain‚Ä¢ Vintage ‚Äì the style of color film photo from the 50‚Äôs, 60‚Äôs or 70‚Äôs‚Ä¢ Retrolux ‚Äì go retro with light leaks, scratches, film styles‚Ä¢ Noir ‚Äì Black and White film looks with realistic grain and the ‚Äúwash‚Äù effect‚Ä¢ Black & White ‚Äì classic Black and White look straight out of the darkroom‚Ä¢ Frames ‚Äì add frames with adjustable size‚Ä¢ Double Exposure - blend two photos, choosing from blend modes that are inspired by shooting on film and by digital image processing‚Ä¢ Face Enhance ‚Äì add focus to the eyes, add face-specific lighting, or smoothen skin‚Ä¢ Face Pose - correct the pose of portraits based on three dimensional models",Google LLC,Photography,PHOTOGRAPHY,"100,000,000+",100000000,,0,http://www.google.com/policies/privacy/,1429324,"April 14, 2020",4.412913799285889,Varies with device,Professional quality photo edits with the new Snapseed.,Snapseed,https://play.google.com/store/apps/details?id=com.niksoftware.snapseed,Varies with device
4.4,4.4 and up,ph.cashmore.loan,,Rated for 3+,CNY,"PesoHaus is an online lending application provided by Leapgen Lending Inc., with the SEC registration number CS201915717. CA No. 3089. We strive to provide better loan services for Filipinos. Before making a loan transaction, please read and review the terms and conditions in the disclosure statement.APP FEATURES:Loan period: 61 days (the shortest, including renewal time)-120 days (the longest, includingUpdate time)Loanable amount: P2000-P15,000Annual interest rate (APR): up to 32%processing fee:0For example, loan amount: P4000Loan term: 61 days‚Ä®Daily interest rateÔºö0.08%=32%/360 The interest fee is P216.89= P4000*(32%/360)*61‚Ä®If you pay on time,your monthly repayment is P2073.88, Total repayment for 61days is P4216.89=P4000+P216.89(interest fee)PesoHaus is an online cash loan/lending app that caters to Filipinos. Unlike traditional lending companies, we provide fast and easy cash loan services. When you need urgent cash or additional fund, remember, PesoHaus will always be there for you, and we aim to provide the best loan experience ever. 										How does it work? 				  -Filipinos age 18 and older What are the requirements for application?  -Valid Government ID	Find PesoHaus on GooglePlay Store				  -Download and register with your phone number 				  -provide your information				  -expect loan application processed within 30 minutes				  -choose from several channel for disbursement					 Affordable and Transparent 				Credit should be as affordable and transparent as it is fast, easy, and secure to access. build your credit with PesoHaus for higher and fast cash loan amount by paying back on time! 				Special Quality of PesoHaus Secure , Your privacy is very important to us. Verify your identity and submit all the requirements in the app with at least one (1) valid ID to complete your Credit Profile. 						Frequently Asked Questions  				Please visit http://www.PesoHaus.com/				Customer Care: Email CS@PesoHaus.ph				Address: UNIT 1604, PRESTIGE TOWER, F. ORTIGAS JR. ROAD, ORTIGAS CENTER, PASIG,CITY, M. MLA				PesoHaus is an online lending app provided by Leapgen Lending Inc. SEC Registration No. CS201915717. CA No. 3089. We strive to provide better lending service to Filipinos.",Leapgen,Finance,FINANCE,"100,000+",100000,,0,https://info.leapgen.net/Policy.html?v=1.0,1942,"September 2, 2021",4.385000228881836,12M,"Fast and Quickly online cashmore loan anywhere, anytime",PesoHaus-instant peso cash loan,https://play.google.com/store/apps/details?id=ph.cashmore.loan,2.8.3
2.1,2.1 and up,com.mxtech.ffmpeg.v6,,Rated for 3+,CNY,"MX Player Codec for ARMv6 CPUs.MX Player - The best way to enjoy your movies.** IMPORTANT NOTICE: This is a software component for MX Player, therefore, MX Player has to be installed first. MX Player will test your device and show you the best matching Codec automatically if necessary. You do not need to install Codecs unless MX Player asks you to do so.",MX Media (formerly J2 Interactive),Libraries & Demo,LIBRARIES_AND_DEMO,"10,000,000+",10000000,,0,https://sites.google.com/site/mxvpen/about/privacy-policy,104195,"June 6, 2015",4.01903772354126,5.7M,MX Player Codec for ARMv6 CPUs.,MX Player Codec (ARMv6),https://play.google.com/store/apps/details?id=com.mxtech.ffmpeg.v6,1.7.39
4.4,4.4 and up,com.game.fallingpuzzle,Contains Ads,Rated for 3+,CNY,"¬†¬†¬†¬†¬†¬† A new gameplay experience that will give you an unprecedented level of satisfaction. Beautiful game screens allow you to stay in it and spend a lot of time.1, Moving the block horizontally and filling the entire line will eliminate it.2, The elimination of mobile games in the new style of play.3, A nice concert will let you completely relax.4, The fresh style of painting will make you love it.The addition of the revocation item will make you feel comfortable playing.¬†¬†¬†¬†¬†This is a completely  free mobile game. We hope that our game will let you relaxing, and it is suitable for all ages, and you can call your family and friends to play together.",Sweetener,Puzzle,GAME_PUZZLE,"10,000,000+",10000000,,0,https://www.happypuzzlematch.com/yinsi.html,134712,"November 18, 2020",4.321499824523926,23M,Falling Puzzle will give you an unprecedented level of satisfaction.,Falling Puzzle¬Æ,https://play.google.com/store/apps/details?id=com.game.fallingpuzzle,2.4.1
4.1,4.1 and up,com.shopee.ph,,Rated for 3+,CNY,"Shopee is the leading online shopping platform in Southeast Asia and Taiwan that offers convenient and seamless shopping to users that are looking to shop anytime and anywhere. With strong payment and logistical support, Shopee provides all users with an easy, secure, and fast online shopping experience.SHOP ANYTIME, ANYWHERE‚Ä¢        Browse and shop with ease from our comprehensive range of categories, including health & beauty, electronics, fashion, home & living, babies & kids' toys, and more‚Ä¢        Get quality products from official brands on Shopee Mall‚Ä¢        Explore Daily Discover section for tailored product offerings ‚Ä¢        Enjoy great savings from our daily Flash Sales‚Ä¢        Earn Shopee Coins to enjoy more savingsSAFE ONLINE ENVIRONMENT‚Ä¢        Make informed purchases ‚Äì Scan through seller's ratings and reviews‚Ä¢        Risk-free payment - Shopee Guarantee only releases payment upon confirming receipt of order‚Ä¢        Strong logistics support - Track your orders from payment to delivery via up-to-date shipping informationSEAMLESS CHECKOUT & SECURE PAYMENT METHODS‚Ä¢        Use the ShopeePay in-app wallet for exclusive vouchers‚Ä¢        Experience quick and convenient purchase process with our intuitive interface ‚Ä¢        Transact with your preferred method - pay with bank transfer or credit cardAPP HIGHLIGHTS‚Ä¢        Search by category and brand‚Ä¢        App-exclusive offers and daily deals notifications‚Ä¢        Personalised product recommendations‚Ä¢        Customer rating and reviews‚Ä¢        Shopee Coins with every purchase‚Ä¢        Order tracking‚Ä¢        100% protection with Shopee Guarantee‚Ä¢        Many more to come-------------------Give us a shout-out - we'd love to hear from you!Visit our WEBSITE: www.shopee.phLike us on FACEBOOK: facebook.com/ShopeePHFollow us on INSTAGRAM : @shopee_ph",Shopee,Shopping,SHOPPING,"50,000,000+",50000000,,0,http://shopee.ph/privacy/,2035578,"September 22, 2021",4.691145896911621,116M,#1 Online Shopping App Free Shipping Vouchers | COD Nationwide,Shopee No.1 Online Platform,https://play.google.com/store/apps/details?id=com.shopee.ph,2.77.06
4.4,4.4 and up,com.ivilamobie.pdfreader.pdfeditor,Contains Ads,Rated for 3+,CNY," is the best pdf reading application on Google Play. PDF Reader, PDF Viewer for Android is an app that is multipurpose and versatile in nature that not only a PDF reader but a scanner for your documents as well. is a simple and easy to manage and view PDF file. With all features you need a PDF Reader: PDF scanner & viewer, we will be provide you to pdf reader for best. Free PDF Reader: Scanner PDF for Android enable you to view, read, scan pdf file and manage PDF documents on your Phone. You can easy markup PDF files with highlight color you can organise all your PDF file on a single place that supports all kinds of files format. You can Scan your document and photos for keeping a digital copy of all these.üëâüëâüëâDownload PDF Reader for Android: PDF file reader today!üåü  in your device right on the main view of the PDF readerüåü , search page numbers and scroll to it. Easily find your pdfs by nameüåü  (comment or edit) - useful for reading and memorizingüåü  you want in a Pdf file easilyüåü  for protection your eyes by the application tool. Reading all of date or night with eye protection mode.üåü  Easy to move pages horizontally, vertically and rotate the screen.üåü  Create a PDF file from your photo to make it a great document, magazine, or album shared with friends, family or colleagues. Create a pdf file by entering text to assist you in the best way in your work or studyüåü  Free professional tools, great support for work and study. I can disclose to you some features such as: Fast conversion between PDF and word or vice versa, Split and merge PDF, Rotate pages, Delete pages, Sort PDF, Lock PDF ...üåü  Share your photos, excerpts or PDFs via email, social networks, or cloud storage for the filesWe are always interested in your experience with our app to read PDF files for mobile, so please let us know your ideas by leaving a comment. We will dedicate to bring the best version of our PDF reader and PDF editor. If it gives you a good experience evaluate 5 *. Thank you for using",iVila Studio,Tools,TOOLS,"10,000,000+",10000000,,0,https://docs.google.com/document/d/1DM6nxDnJpYv8dWKdFUE-VGt4mU03qYHr0ssOaAFqmDM/edit?usp=sharing,100399,"September 14, 2021",4.636040210723877,19M,PDF Reader for Android 2021 is a simple and easy to manage and view PDF file,PDF Reader for Android 2021,https://play.google.com/store/apps/details?id=com.ivilamobie.pdfreader.pdfeditor,35.6
5.0,5.0 and up,com.satellite.earthmap.travel.navigation.GPS.free,Contains Ads,Rated for 3+,CNY,"Mostly people on store are searching for something new to explore whole world through map. Welcome you all in the best 3D map application. Imagination is now live view through satellite map, live route navigation & direction. You know this is free gs navigation earth map in 2021 having multiple hot features. It provides high class map travel navigation for your routes and trips. This satellite map live route navigation & direction app will prove best guider as it provide simple gps route with live gps guides makes your journey full of enjoy. This free gps route application highlights a definitive route insight. This Live satellite map app shows you the scope of complete earth live directions and 3D landscape of the whole globe and 3D structure. Visit the whole world through street view 360 streaming and live world imaginations through satellites directions. Enjoy HD photos of your favorite locations. Live earth map HD and satellite view live is available to you. This live satellite map application is the best for showing satellite maps view with street live house immediately. You do not need flight expenses and contacting others for just getting information if you are using this satellite map, live route navigation & direction application. This live HD world map makes your tour relax and genuine in order to present street view and earth map live, 360 tracking and current time pictures.For your routes and trips, this satellite view app and live earth map is genuine and free. Live world guide route application makes your excursion arranging simple and live traffic map make you're driving quick. This satellite map and live gps navigation app provide the best traffic route app facilities in 2021.it will automatically detect your location when you allow our application to access your current location. Satellite map, live route navigation & direction show you variety of 3D photos and exact live satellite view of your desire locations. By using live maps satellite view app you can get information of all nearby places. You can easily memorize your trips with live satellite app on your all android gadget. This live earth map 2021 work through global positioning method to guide you for best route. You can also find your home current locations with live satellite view and through this satellite navigation app. For using all highlights features of satellite map, live route navigation & direction you should enable your location and internet connectivity. Just go start you‚Äôre planning for trip.Other benefits for using this navigation app and map travel navigation that you are not alone in new country or in new city .when you need to go to an atm, an eatery, a railroad station, an emergency clinic or a close by fuel station, the live route map app will assist you with getting a simple live map and short route to reach your desire location. You can easily get the accurate track and proper driving directions through this gps navigation. Get a quick install this live earth map for your excursion and offer it with your contact list.Important highlight of this live route navigation app with 3D word map are free route map guidance. Get a realistic street view through live satellite map on your android gadget and easily find the routes and locations along with detail descriptions with high quality 360 displays. This navigation app is free and available 24/7 for you with internet connectivity. Search for ATM, banks, schools, restaurants and hospitals with quick results.Trace your trips and final locations by name even with street address and house number with this free live gps app. so this is latest information route guide app and up to date navigation app. Free live earth map give you flexible satellite view with user friendly environment. Just click to grab for accessing all live gps hot streams!",Hifa tech,Travel & Local,TRAVEL_AND_LOCAL,"50,000+",50000,,0,https://sites.google.com/view/hifatechnologies/home,158,"September 21, 2021",3.930000066757202,28M,Live navigation & satellite gps app that gives ultimate navigation experience.,Live Satellite Gps Navigation,https://play.google.com/store/apps/details?id=com.satellite.earthmap.travel.navigation.GPS.free,19.0.28
5.0,5.0 and up,com.sharevpn.master,Contains Ads,Rated for 3+,CNY,"Amp-up the security on your Android device with Share Vpn‚ñ∂ Why choose Share VPN?‚úî¬†Hide your IP and browse the webpage anonymously.‚úî Strongly protect you when using a public WiFi hotspot.‚úî No username, No password, No registration, No data limitation.‚úî No logs, no monitoring, no selling your data.‚úî Surf anonymously at Fast Speed.Multiple servers spread across lots of countries- Minimum risk of server overload!- Keep each server to provide the best performance in your browsing session!‚á® How Share Vpn worksShare VPN Proxy provides a secure and trustworthy connection through an encrypted channel between your device and the target website, using Virtual Private Network (VPN) technology. Share Vpn hides your real IP address to anonymize your device so that your online activities cannot be tracked by anyone, and you will be able to get access to restricted websites, even behind the firewalls.Contact UsAny problems or suggestions, please feel free to contact us via Email: :sharevpnproxy@protonmail.comBecause of the policy reason, our VPN service does not support mainland China. We apologize for any inconvenience caused.",CleanMaster,Tools,TOOLS,"10,000,000+",10000000,,0,http://sharevpnfree.com/privacy.html,181183,"September 24, 2021",4.582601547241211,14M,Free and unlimited VPN proxy with super fast speed and unlimited bandwidthÔºÅ,"Share Vpn-Faster&Safer, Unlimited Free vpn",https://play.google.com/store/apps/details?id=com.sharevpn.master,1.0.3
4.1,4.1 and up,com.shopee.ph,,Rated for 3+,CNY,"Shopee is the leading online shopping platform in Southeast Asia and Taiwan that offers convenient and seamless shopping to users that are looking to shop anytime and anywhere. With strong payment and logistical support, Shopee provides all users with an easy, secure, and fast online shopping experience.SHOP ANYTIME, ANYWHERE‚Ä¢        Browse and shop with ease from our comprehensive range of categories, including health & beauty, electronics, fashion, home & living, babies & kids' toys, and more‚Ä¢        Get quality products from official brands on Shopee Mall‚Ä¢        Explore Daily Discover section for tailored product offerings ‚Ä¢        Enjoy great savings from our daily Flash Sales‚Ä¢        Earn Shopee Coins to enjoy more savingsSAFE ONLINE ENVIRONMENT‚Ä¢        Make informed purchases ‚Äì Scan through seller's ratings and reviews‚Ä¢        Risk-free payment - Shopee Guarantee only releases payment upon confirming receipt of order‚Ä¢        Strong logistics support - Track your orders from payment to delivery via up-to-date shipping informationSEAMLESS CHECKOUT & SECURE PAYMENT METHODS‚Ä¢        Use the ShopeePay in-app wallet for exclusive vouchers‚Ä¢        Experience quick and convenient purchase process with our intuitive interface ‚Ä¢        Transact with your preferred method - pay with bank transfer or credit cardAPP HIGHLIGHTS‚Ä¢        Search by category and brand‚Ä¢        App-exclusive offers and daily deals notifications‚Ä¢        Personalised product recommendations‚Ä¢        Customer rating and reviews‚Ä¢        Shopee Coins with every purchase‚Ä¢        Order tracking‚Ä¢        100% protection with Shopee Guarantee‚Ä¢        Many more to come-------------------Give us a shout-out - we'd love to hear from you!Visit our WEBSITE: www.shopee.phLike us on FACEBOOK: facebook.com/ShopeePHFollow us on INSTAGRAM : @shopee_ph",Shopee,Shopping,SHOPPING,"50,000,000+",50000000,,0,http://shopee.ph/privacy/,2035581,"September 22, 2021",4.691130638122559,116M,#1 Online Shopping App Free Shipping Vouchers | COD Nationwide,Shopee No.1 Online Platform,https://play.google.com/store/apps/details?id=com.shopee.ph,2.77.06
5.0,5.0 and up,com.optipay.littlecash,Contains Ads,Rated for 3+,CNY,"Little Cash gives you instant personal loan to direct to your mobile wallet.How to Get a little Cash loan:Download the app from Google Play storeRegister with our applicationGet your loan approval on flyOur secure system verifies your identity in a fewYour loan amount will be deposited in your Mobile Money accountLittle Cash Loan Terms and Fees:Loan Amounts: PHP 1,000 - PHP 50,000Monthly facilitation fee: 9% - 25%APR: 27% - 260%For example, for a 65-days loan with a principal amount of PHP 1,000 the facilitation fee would be PHP 250 and the total payable amount would be PHP 1,250Minimum repayment period is 65 days while the maximum repayment period is 120 days, with a minimum APR is 27% while the maximum APR is 260%LittleCash does not charge more than the amount of the facilitation fee (plus a one-time late fee if you do not pay after the loan repayment grace period). The loan amount does not compound or accrue.Sample Loan :Loan Amount 1000 PHPInterest Calculation - (1000 * 25 ) / 100 = 250 PHPExpected Payback amount For 65 days - 1000 PHP + 250 PHP = 1250 PHPMonthly Payment - 625 PHPLittle Cash is very flexible and charges affordable and low facilitation fee ranging from 9% to 25%What You'll Love‚óè Avail instant loans from Little Cash  through your smartphone‚óè Faster approval process with less documentation‚óè Get collateral-free loans without any bank visits or phone calls‚óè Attractive rate of interests‚óè Loan disbursement in 10 minutesDocumentationThe minimum documents required to avail loan is your identification number,mobile number, your email address etc. might be required. Once you apply for loans, we will check you in a few minutes.SecurityYour data is safe with us. It is transferred over a secure HTTPS connection to us, and we do not share it with anyone without your consent except the Lenders. All the transactions are secured via a 128-bit SSL encryption.Customer serviceIf you have questions or complaints, please leave us a message through the Feedback page in our application or contact our customer service center. We are ready to serve you.",Optipay Limited,Finance,FINANCE,"100,000+",100000,,0,https://little-cash-0.flycricket.io/privacy.html,46786,"August 10, 2021",4.063272476196289,4.8M,Borrow money in our Loans App. Get cash swiftly straight to your Mobile account,Little Cash - Mobile Loans,https://play.google.com/store/apps/details?id=com.optipay.littlecash,1.22
5.0,5.0 and up,com.hc.go,,Rated for 3+,CNY,"Product introductionLoan amount: ‚Ç± 5,000.00 - ‚Ç± 20,000.00Loan term: 91 days (shortest, including renewal time) - 365 days (longest, including renewal time) Maximum APR is 18.25% per year, 0.05% per dayTransaction feeÔºö0Service fee: No other feesFor example: If you choose a loan limit of ‚Ç± 10,000.00 with a period of 180 days,the total interest should be paid:¬†‚Ç±¬†10,000.00 * 0.05% * 180= ‚Ç± 900.00, monthly interest shall be paid: ‚Ç± 10,000.00 * 0.05% * 30 = ‚Ç± 150.00Ôºåmonthly repayment bill including principle and interest shall be paid: ‚Ç± 10,000.00/6 + ‚Ç± 150.00 = ‚Ç± 1816.67Ôºåtotal repayment bill including principle and interest shall be paid: ‚Ç± 10,000.00 + ‚Ç± 900.00 = ‚Ç± 10,900.00.‚úîPeso Loan / Peso Lending to your account (bank, e-wallet)‚úîUnsecured fast to get peso to your account (bank, e-wallet)‚úîOnline loan peso platform. Unsecured online loan, quickly arrived. Staged shopping, zero mortgage to take homeWhat is Cashgo?Still feeling uneasy about the mortgage of a capital peso lending peso? Dating money is not enough! Want to change your phone? Nothing to worry about now, Cashgo can solve all your problems for you. Cashgo, a platform dedicated to unsecured online loans with peso, can be ordered in stages, and can solve all your troubles because of money.Who can borrow?Cashgo is one of the earliest online lending platform in the Philippines. If you are over 18 years old, have a stable mobile number and a stable source of income, you can come to Cashgo to make a peso loan. We will increase the limit and loan period based on your credit score! The more data you provide, the higher your credit score. Borrowing takes only 4 steps:‚úî download the app Cashgo - For Fast Loan and Peso Lending Online‚úîfill in the data in 5 minutes‚úîwait for the review‚úîget your loan (bank transfer, e-wallet etc.)InstructionsWe offer different amounts of services. Users can choose the money of peso in loan amount according to their individual needs.The entire process is completed online, unsecured, to meet fast and secure loan funding needs.-----------Features-----------UnsecuredCashgo is a completely unsecured online peso lending platform. This means you don't need to provide any collateral. Only ID card loans are required.Easy to useJust download the app of Cashgo - For Fast Loan and Peso Lending Online, no need to quit, no signature required. Complete the loan application in 5 minutes, the fast process, the whole process can be completed by mobile phone, amazing experience.Fast approvalYour application will be approved shortly, but depending on the bank's payment system, redemption may take from 1 minute up to 24 hours.Privacy and SecurityCashgo protects all user information and we will not post your personal data to third parties without prior consent.Repayment convenienceRepayment can be done through online banking, Minimarket (7-11, M. Lhuillier), bank transfer, e-wallet (GCash, Coins.ph, CLiQQ etc.) About usHave problem to use CashgoÔºüPlease contact our online service for help:Working time: 8:30 am ‚Äì 18:00 pm (Monday - Saturday)Phone Smart: +639 09052210807Email:cs.cashgo2019@gmail.comOnline Customer Service: Open the app -> Mine -> Contact UsAddress:STA CRUZ, MANILACompany information:CATCHCASH LENDING INVESTORS CORP.COMPANY REGISTRATION NO.CS201915716CERTIFICATE OF AUTHORITY NO.3093",Catchcash lending investors corp,Finance,FINANCE,"100,000+",100000,,0,http://app.hcloudai.com/preview/philippines/philippines_privacy_policy.html,1697,"September 23, 2021",3.497142791748047,9.7M,The most professional online loan software around you in the Philippines,CashGo - Fast cash and peso loan online,https://play.google.com/store/apps/details?id=com.hc.go,3.0.5
4.4,4.4 and up,com.snapchat.android,Contains Ads,Rated for 12+,CNY,"Snapchat is a fast and fun way to share the moment with your friends and family üëªSNAP ‚Ä¢ Snapchat opens right to the Camera ‚Äî just tap to take a photo, or press and hold for video.‚Ä¢ Express yourself with Lenses, Filters, Bitmoji and more! ‚Ä¢ Try out new Lenses daily created by the Snapchat community!CHAT ‚Ä¢ Stay in touch with friends through live messaging, or share your day with Group Stories.‚Ä¢ Video Chat with up to 16 friends at once ‚Äî you can even use Lenses and Filters when chatting!‚Ä¢ Express yourself with Friendmojis ‚Äî exclusive Bitmoji made just for you and a friend.STORIES‚Ä¢ Watch friends' Stories to see their day unfold.‚Ä¢ See Stories from the Snapchat community that are based on your interests.‚Ä¢ Discover breaking news and exclusive Original Shows.SPOTLIGHT‚Ä¢ Spotlight showcases the best of Snapchat!‚Ä¢ Submit your own Snaps or sit back, relax, and watch.‚Ä¢ Pick your favorites and share them with friends.MAP ‚Ä¢ Share your location with your best friends or go off the grid with Ghost Mode.‚Ä¢ See what your friends are up to on your most personal map when they share their location with you. ‚Ä¢ Explore live Stories from the community nearby or across the world!MEMORIES ‚Ä¢ Save unlimited photos and videos of all your favorite moments.‚Ä¢ Edit and send old moments to friends or save them to your Camera Roll.‚Ä¢ Create Stories from your favorite Memories to share with friends and family.FRIENDSHIP PROFILE ‚Ä¢ Every friendship has its own special profile to see the moments you‚Äôve saved together.‚Ä¢ Discover new things you have in common with Charms ‚Äî see how long you‚Äôve been friends, your astrological compatibility, your Bitmoji fashion sense, and more!‚Ä¢ Friendship Profiles are just between you and a friend, so you can bond over what makes your friendship special.Happy Snapping!‚Ä¢ ‚Ä¢ ‚Ä¢Please note: Snapchatters can always capture or save your messages by taking a screenshot, using a camera, or otherwise. Be mindful of what you Snap!For a full description of our privacy practices, please see our Privacy Center.",Snap Inc,Social,SOCIAL,"1,000,000,000+",1000000000,,0,http://www.snapchat.com/privacy,27310104,"September 25, 2021",4.247461795806885,76M,Share the moment!,Snapchat,https://play.google.com/store/apps/details?id=com.snapchat.android,11.46.0.33
4.2,4.2 and up,org.fie.swordplay,,Rated for 3+,CNY,"FIE Swordplay is the first mobile game with real athletic rules for fencing with foils, swords, and sabers that is officially supported by the FIE (http://fie.org). Learn real techniques ‚Äî from simple thrusts to powerful lunges and devious feints. Play against an AI opponent or challenge a social network friend to a duel.Choose the country you want to represent, equip your fencer, and enter tournaments all over the world. Fight your way from ambitious novice to fencing master.Features of FIE Swordplay‚Ä¢	The world's first mobile game with real rules and techniques from athletic fencing‚Ä¢	Gorgeous 3D graphics, phenomenal animation, and real fencing physics‚Ä¢	Deep customization ‚Äî fine-tune your weapons and equip your character with gear such as vests and masks‚Ä¢	Compelling PvE campaign: fight your way from novice athlete to Olympic champion‚Ä¢	Asynchronous PvP mode: duel your social network friends‚Ä¢	Incredibly simple, easy-to-use controls. Master several types of weapons quickly, then hone your skills‚Ä¢	Officially supported by the International Fencing FederationStart playing FIE Swordplay and compete in fencing duels that are dynamic, striking, and full of drama ‚Äî right on the screen of your mobile device! Athletic combat with swords and foils has never looked so spectacular!",FIE,Sports,GAME_SPORTS,"5,000,000+",5000000,,0,https://static.fie.org/uploads/24/123854-2020-07-01_FIE_Swordplay_EULA_Privacy_Policy.pdf,189304,"September 6, 2021",4.073827743530273,89M,Swordplay is the first mobile game with real athletic rules for fencing.,FIE Swordplay,https://play.google.com/store/apps/details?id=org.fie.swordplay,2.65.9841
Varies with device,Varies with device,com.google.android.youtube,Contains Ads,Rated for 12+,CNY,"Get the official YouTube app on Android phones and tablets. See what the world is watching -- from the hottest music videos to what‚Äôs popular in gaming, fashion, beauty, news, learning and more. Subscribe to channels you love, create content of your own, share with friends, and watch on any device.Watch and subscribe ‚óè Browse personal recommendations on Home‚óè See the latest from your favorite channels in Subscriptions ‚óè Look up videos you‚Äôve watched, liked, and saved for later in Library Explore different topics, what‚Äôs popular, and on the rise (available in select countries)‚óè Stay up to date on what‚Äôs popular in music, gaming, beauty, news, learning and more‚óè See what‚Äôs trending on YouTube and around the world on Explore‚óè Learn about the coolest Creators, Gamers, and Artists on the Rise (available in select countries)Connect with the YouTube community‚óè Keep up with your favorites creators with Posts, Stories, Premieres, and Live streams‚óè Join the conversation with comments and interact with creators and other community membersCreate content from your mobile device‚óè Create or upload your own videos directly in the app ‚óè Engage with your audience in real time with live streaming right from the appFind the experience that fits you and your family (available in select countries)‚óè Every family has their own approach to online video. Learn about your options: the YouTube Kids app or a new parent supervised experience on YouTube at youtube.com/myfamilySupport creators you love with channel memberships (available in select countries)‚óè Join channels that offer paid monthly memberships and support their work‚óè Get access to exclusive perks from the channel & become part of their members community‚óè Stand out in comments and live chats with a loyalty badge next to your usernameUpgrade to YouTube Premium (available in select countries)‚óè Watch videos uninterrupted by ads, while using other apps, or when the screen is locked‚óè Save videos for when you really need them ‚Äì like when you‚Äôre on a plane or commuting‚óè Get access to YouTube Music Premium as part of your benefits",Google LLC,Video Players & Editors,VIDEO_PLAYERS,"10,000,000,000+",10000000000,,0,http://www.google.com/policies/privacy,123130442,"September 24, 2021",4.293582916259766,Varies with device,Enjoy your favorite videos and channels with the official YouTube app.,YouTube,https://play.google.com/store/apps/details?id=com.google.android.youtube,Varies with device
4.4,4.4 and up,game.color.ballz.block.brick.puzzle.free.physics.balls,Contains Ads,Rated for 3+,CNY,"Physics Balls : Bounce In Loop Machine! HOW TO PLAY?Aim at breaking all bricks by one shoot: Swipe your finger and throw balls,Make them roll among the bricks.Hit items to make extra balls or double size ball.Prevent the bricks to reach the check-line!Features:‚óâ Perfect physic ball bouncy engine‚óâ Fully automatic progress save‚óâ Endless game mode‚óâ Tablet supportPhysics Balls is Suit for all age and completely FREE to play!Now become the master of the Physic Balls! contact us:Website: http://www.crystalrover.comE-mail: curryvector@gmail.comFacebook: https://www.facebook.com/AbcVector-488597784826690Twitter: https://twitter.com/BigdogDev",BIGDOG GAMES,Arcade,GAME_ARCADE,"1,000,000+",1000000,,0,http://www.crystalrover.com/privacy-policy.html,41073,"February 6, 2021",4.289109706878662,16M,Physics Balls is not a normal balls game! This game is the most fun!,Physics Balls,https://play.google.com/store/apps/details?id=game.color.ballz.block.brick.puzzle.free.physics.balls,1.20
4.4,4.4 and up,cooking.crush.cooking.talent,Contains Ads,Rated for 3+,CNY,"üçî  Come to restaurant management game our wonderful super cooking game.üçî You will discover extremely fascinating things in this cooking game at various levels of chef games. You will manage your own restaurant and serve hundreds of customers with hundreds of different dishes such as: hamburgers, soft drink, pizza, hot dogs, milkshake...üçî üç¶ Designed as luxury restaurants and rich in hamburgerüç¶ Cooking games controls easilyüç¶ Many exciting gifts await you through the levels of cooking game üç¶ Upgrade your restaurant through food truck games to attract more customers.üç¶ Direct manipulation from adults to children can play cooking gamecomfortably and you are the best chef game - food truck gamesüç¶ This player will be more and more interested in chef game and hamburger and join on the restaurant feverüçî Control the chef game dash of dishes to suit, observe the time to eat food does not burn. Bring your customers the food they want, If broken food can be thrown away in the trash.Transform yourself into a restaurant fever, becoming a chef game in the luxury kitchen - food truck games. üçî You cook all kinds of dishes with different flavors to serve the hungry guests with fast speed. At this point you will learn how to manage the good times so that the guests visit reasonable.Chef games are a favorite game for mom, kids and girls.üçî ",MobiGreen inc,Strategy,GAME_STRATEGY,"10,000,000+",10000000,,0,http://videonews.strikingly.com/#privacy-policy,55900,"May 28, 2021",4.167529106140137,76M,Do you want to serve delicious food from around the world?,Cooking Talent - Restaurant fever,https://play.google.com/store/apps/details?id=cooking.crush.cooking.talent,1.1.5.7
4.1,4.1 and up,com.mobile.legends,Contains Ads,Rated for 7+,CNY,"Join your friends in a brand new 5v5 MOBA showdown against real human opponents, Mobile Legends: Bang Bang! Choose your  favorite heroes and build the perfect team with your comrades-in-arms! 10-second matchmaking, 10-minute battles. Laning, jungling, tower rushing, team battles, all the fun of PC MOBAs and action games in the palm of your hand! Feed your eSports spirit!Mobile Legends: Bang Bang, outstanding MOBA game on mobile. Smash and outplay your enemies with teammates to achieve the final victory!Your phone thirsts for battle!  Real-time 5v5 battles against real opponents. Fight over 3 lanes to take the enemy‚Äôs tower. 4 jungle areas. 18 defense towers. 2 Wild Bosses. Complete reproductions of classic MOBA maps. Full-on 5v5, Human vs. Human battles. A triumphant return to genuine MOBA gameplay. Block damage, control the enemy, and heal teammates! Choose from Tanks, Mages, Marksmen, Assassins, Supports, etc. to anchor your team or be match MVP! New heroes are constantly being released! Just like classic MOBAs, there is no hero training or paying for stats. Winners and losers are decided based on skill and ability on this fair and balanced platform for competitive gaming. Play to Win, not Pay to Win. With a virtual joystick on the left and skill buttons on the right, 2 fingers are all you need to become a master! Autolock and target sifting allow you to last hit to your heart‚Äôs content. Never miss! And a convenient tap-to-equip system lets you focus on the thrill of battle! Matchmaking only takes 10 seconds, and battles last 10 minutes, glossing over the quiet early-game leveling up and jumping right into intense battles. Less boring waiting and repetitive farming, and more thrilling action and fist-pumping victories. At any place, at any moment, just pick up your phone, fire up the game, and immerse yourself in heart-pounding MOBA competition. In most MOBAs, a dropped connection means hanging your team out to dry, but with Mobile Legends: Bang Bang‚Äôs powerful reconnection system, if you get dropped, you can be back in the battle in seconds. And while you‚Äôre offline, your character will be controlled by our AI system to avoid a 5-on-4 situation.PLEASE NOTE! Mobile Legends: Bang Bang is free to download and play, however some game items can also be purchased for real money. If you do not want to use this feature, please set up password protection for purchases in the settings of your Google Play Store app. Also, under our Terms of Service and Privacy Policy, you must be at least 12 years of age to play or download Mobile Legends: Bang Bang. You can get customer service assistance via the [Contact Us] button in the game to help you with any problems you may encounter while playing. You can also find us on the following platforms. We welcome all of your Mobile Legends: Bang Bang thoughts and suggestions: mobilelegendsgame@moonton.com @mobilelegendsgame https://www.youtube.com/c/MobileLegends5v5MOBA",Moonton,Action,GAME_ACTION,"100,000,000+",100000000,,0,https://m.mobilelegends.com/en/newsdetail/475,27962118,"September 16, 2021",4.1442766189575195,120M,Play 5v5 MOBA game on mobile with worldwide players.,Mobile Legends: Bang Bang,https://play.google.com/store/apps/details?id=com.mobile.legends,1.6.18.6761
4.1,4.1 and up,com.asiedu.lang.learnkoreanfree,Contains Ads,Rated for 3+,CNY,"Learn Korean is a free educational product. It is developed by The Global Language Development Project - Edu Master Pro.Learn Korean is a language Assistant. It helps you:-	 Overcome language barriers, connect with the whole worl-	 Confident in communicating with foreigners-	Travel, explore the culture, civilization of mankind -	 Become a global citizen with unlimited language capabilitiesFEATURESMinimum size, Maximum subjects- Easy to install and use- Suggest common and popular communication topics- Standard pronunciation guide by native people- Record and listen to your voice- Create your favorite word listDo not forget to CLICK 5 * to make Edu Master Pro more motivated to perfect the product",Edu Master Pro,Education,EDUCATION,"50,000+",50000,,0,https://sites.google.com/site/edulearnlanguages/,425,"November 1, 2020",4.159999847412109,84M,Learn Korean - A language assistant is very useful.,Learn Korean,https://play.google.com/store/apps/details?id=com.asiedu.lang.learnkoreanfree,1.1.5
4.4,4.4 and up,com.globe.gcash.android,,Rated for 3+,CNY,"A mobile wallet app that lets you instantly pay bills, buy load, send money, shop, and more ‚Äì all in the safety of your own home!Enjoy fast and easy payments with GCash! It's a safe, secure mobile wallet that connects to your mobile number, making it available anytime, anywhere. Download GCash today so you can complete your errands without having to break quarantine!‚Ä¢ Open to all networks‚Ä¢ Zero-rated for Globe and TM‚Ä¢ Regulated by BSP‚Ä¢ Send money to GCash, Coins.ph, and PayMaya users‚Ä¢ Send any amount to multiple people at once with Ang Pao‚Ä¢ Transfer funds instantly to any major bank account nationwide‚Ä¢ Save bank account details for future fund transfers‚Ä¢ Send to BPI, BDO, Metrobank, Landbank, Unionbank, Chinabank, etc‚Ä¢ Pay utility bills and more without going out‚Ä¢ Past due bills and paying with GCredit also accepted‚Ä¢ Save favorite billers and set payment reminders‚Ä¢ Electricity: Meralco, Kuryente Load, and other provincial providers‚Ä¢ Water: Manila Water, Maynilad, and other provincial providers‚Ä¢ Cable, Internet: Globe at Home, Sky Broadband, Smart Bro, etc‚Ä¢ Telecoms: Globe Postpaid, PLDT DSL, Smart, Sun Cellular, etc‚Ä¢ Credit Cards, Loans: BPI, BDO, Citibank, Home Credit, U-Peso, etc‚Ä¢ Government: BIR, DFA, MMDA, NBI, SSS, Pag IBIG, etc‚Ä¢ Travel: AirAsia, Cebu Pacific, PAL, etc‚Ä¢ Buy load for anyone on all networks instantly‚Ä¢ Load any Globe, TM, Smart, TNT, Sun Cellular number‚Ä¢ Buy exclusive Globe and TM load combos‚Ä¢ Buy broadband packages for Globe at Home Prepaid Wifi‚Ä¢ Buy TV channels, PIN for Cignal and SkyCable‚Ä¢ Buy MaxiCare prepaid health insurance‚Ä¢ Receive remittances from MoneyGram and Western Union while at home‚Ä¢ Key in your reference number and receive money on your phone‚Ä¢ Link your Paypal to GCash to withdraw or transfer funds for free‚Ä¢ Gain access to GCredit, GCash's mobile credit line, based on your GScore‚Ä¢ Credit limit starts from P1,000 to P30,000‚Ä¢ Build your GScore by using GCash frequently‚Ä¢ Top up your GCash using online banking: BPI, RCBC, Unionbank, etc‚Ä¢ Mastercard/Visa debit card also available: BDO, AUB, Citi, HSBC, and more‚Ä¢ Cash in over the counter: Cebuana Lhuillier, Villarica, Touchpay, Bayad Center, etc‚Ä¢ Easy, secure, and instant payments to Lazada, Shopee, and more‚Ä¢ Pay for food and grocery deliveries with American Express Virtual Pay or GCash Mastercard‚Ä¢ Link your GCash to App Store and Play Store to pay for apps, games, movies, and more‚Ä¢ Scan to pay QR codes at over 70,000 GCash partners‚Ä¢ Pay at Puregold, SM, and a ton of shops and restaurants nationwide‚Ä¢ Buy 10 kinds of gaming pins from top brands at Php 1=1 cost‚Ä¢ Get Garena Shells, Steam Wallet Codes, LevelUp, Blizzard, Ragnarok, GameClub Credits‚Ä¢ Razer Gold, Rules of Survival, Mobile Legends Diamonds, PUBG PINs available‚Ä¢ No minimum deposit, no minimum balance‚Ä¢ Up to 4.1% interest rate per annum‚Ä¢ In partnership with CIMB Bank; insured by PDIC‚Ä¢ Subscribe to an investment fund for as low as P50‚Ä¢ In partnership with ATRAM Trust Corp‚Ä¢ Earn green energy on GCash Forest by doing green activities‚Ä¢ Green activities: Walking, completing cashless transactions on GCash‚Ä¢ Get enough points to plant a tree at Ipo WatershedJoin our ongoing promos to get freebies! Get cashbacks, vouchers, discounts, or even treats from Jollibee, Lazada, Bonchon and more!Now with 20 million users!",Mynt - Globe Fintech Innovations,Finance,FINANCE,"10,000,000+",10000000,,0,http://www.gcash.com/privacy-notice/20190402/,810713,"September 23, 2021",4.300785064697266,62M,"A mobile wallet that lets you shop, send, save, and more with your smartphone!","GCash - Buy Load, Pay Bills, Send Money",https://play.google.com/store/apps/details?id=com.globe.gcash.android,5.44.1
Varies with device,Varies with device,com.facebook.orca,,Rated for 12+,CNY,"Be together whenever, with our free* all-in-one communication app, complete with unlimited text, voice, video calling and group video chat features. Easily sync your messages and contacts to your Android phone and connect with anyone, anywhere.CROSS-APP MESSAGING AND CALLINGConnect with your Instagram friends right from Messenger. Simply search for them by name or username to message or call.VANISH MODESend messages that only last for a moment. Opt in to use vanish mode where seen messages disappear after you exit the chat.PRIVACY SETTINGSNew privacy settings let you choose who can reach you, and where your messages are delivered.CUSTOM REACTIONSLost for words? You can customize your reactions, with lots more emojis to choose from, including üéâ and üî•.CHAT THEMESChoose from fun themes and colors, like Tie-Dye or Love, to make your chats more personal.WATCH TOGETHERWatch videos, tv shows, and movies with your friends over Messenger Video Chat and Rooms when you can't be together. Capture every moment and reaction in real-time.GET THE GROUP TOGETHER WITH ROOMSSend a link to group video chat with anyone, even if they don't have Messenger. Host up to 50 people with no time limits.FREE* VIDEO CALLS TO STAY CONNECTEDKeep your friends and family close with unlimited live video chatting. Host group video calls with up to 8 people, with high-quality audio, high definition video, and interactive video features like face filters.UNLIMITED FREE* TEXT & PHONE CALLSSkip exchanging phone numbers and simply send a message to your Facebook friends, even if they‚Äôre across the world. Enjoy high-quality voice and text messaging on mobile, tablet, and desktop.TURN OFF THE LIGHTS IN DARK MODEGive your eyes some rest with a sleek new look that darkens the colors of the chat interface.*RECORD AND SEND VOICE AND VIDEO MESSAGESWhen text just won't cut it, just hit record and send. Say, sing, show, or shout it out loud.*EXPRESS YOURSELF WITH STICKERS, GIFS, AND EMOJISUse custom stickers to show your creative side. You can even add effects and filters to video calls.*SEND FILES, PHOTOS, AND VIDEOSThere‚Äôs no limit to the number of files you want to share with your friends.*PLAN AND MAKE IT HAPPENMake plans to get together with polls and more. Suggest a meeting spot or tell friends where you are by sharing your location with just a few taps.*SEND MONEY SECURELY AND EASILY (within US only)Send and receive money securely and easily with friends and family right in the app by adding your debit card, PayPal account or reloadable prepaid card (single-source cards eligible for sending money only).*CHAT WITH BUSINESSESEasily connect with your favorite businesses to make reservations, get customer support, find deals and more.BRING SMS INTO MESSENGERNo need to open multiple apps to stay in touch. Use one app for SMS and Messenger.COMPATIBLE ACROSS PLATFORMSChat with friends across an array of devices, like desktop, Portal, and others.Privacy Policy: https://www.facebook.com/about/privacy/LEARN MORE about Messenger texting and group video chat at: http://messenger.com (http://messenger.com/)* Data rates applySome Messenger features may not be available in your country or region.",Facebook,Communication,COMMUNICATION,"5,000,000,000+",5000000000,,0,https://m.facebook.com/policy.php,80041124,"September 22, 2021",4.012426376342773,Varies with device,"Free group video chat, video calls, voice calls and text messaging.",Messenger ‚Äì Text and Video Chat for Free,https://play.google.com/store/apps/details?id=com.facebook.orca,331.0.0.15.119
5.0,5.0 and up,com.xvideostudio.videoeditor,Contains Ads,Rated for 3+,CNY,"VideoShow offers . With this movie maker, making meme, video or slideshow with picture, music, animation sticker, cartoon filter and sound effect is easy and fun. Film makers can edit video with scroll texts, FX, effects, GIFs, trendy transitions or live dubbing in personalized way. . Record your precious moments like wedding/birthday/Valentine's Day/Thanksgiving Day/Christmas Eve/Halloween. * It‚Äôs a practical video editing app & movie scene maker for both film directors and beginners. You can edit video with simple steps.* Audio extractor: Extract clear audio from any video, convert video into music.* Ready-Made Templates: All you need to do is choosing tempo and template you like, then uploading video clips or photos. A trendy video will be made with simple steps.* 4K export, save HD video with no quality loss* Use video overlay, display multiple videos in one screen. Make double exposure effect. Add emojis or animated filter * Easy-to-use, splice video clips together* Hundreds of music all fully licensed* Add voice-over, like a recorder, change your voice into robot, monster...* There's no watermark/no ads after updating to vip* Use special lenses to make original video clip * Over 50 elaborate themes available to create awesome music video/slideshow/vlog/funny videos  instantly.* Various background music, you can add local songs from your device too. Easy to shoot video or cut movies.* Variety of text styles and fonts to create artistic subtitles.* Add stunning filters to make your video different. Now 100+ filters are supported!* Blurred background, voice enhancement and speed adjustment features available.* Multiple music can be added, adjust music volume and music fade in/ fade out option. * Gif export: make your own funny gifs with pictures from your album, make your video leap.* You can splice/edit/merge/trim/split/reverse/duplicate/rotate/blur/collage clips or videos in this video cutter* Zoom in and out. Let your audience focus on the region you want!* Use fast motion/slow motion to adjust the speed of every video clip.* Video dubbing. Add your own voice or sound effects to make the video even cooler.* Doodle on video. Bored of the monotonous fonts? Just doodle it, draw anything you like on the screen!* Use video reverse, video playback to make a funny and creative original video/vlog.* Fantastic Materials Center: Themes/effects/filters/stickers/gif images/memes/emojis/fonts/sound effects/FX and more. * Square themes and no crop mode are supported.* Compress Video: You can reduce the size of your video in this video creator.* Video Trimmer: Turn the soundtrack of your video into mp3 file.* Support more than 30 languages and almost all devices.If you would like to know what people are saying about VideoShow app:Like us on Facebook: https://www.facebook.com/videoshowappFollow us on Instagram: http://instagram.com/videoshowappSubscribe us on YouTube: http://www.youtube.com/videoshowappFollow us on Twitter: https://twitter.com/videoshowapp",VideoShow EnjoyMobi Video Editor & Video Maker Inc,Video Players & Editors,VIDEO_PLAYERS,"100,000,000+",100000000,,0,https://d10nkoc3mu17gd.cloudfront.net/privacy/VideoShow_Privacy_Policy_en.html,5701551,"September 17, 2021",4.618654727935791,45M,"Vlog Maker and Intro Maker, Animated Video Editor with Music, Beauty Camera","VideoShow Video Editor, Video Maker, Photo Editor",https://play.google.com/store/apps/details?id=com.xvideostudio.videoeditor,9.4.7 rc
4.1,4.1 and up,com.eabdrazakov.photomontage,Contains Ads,Rated for 3+,CNY," Put yourself next to a celebrity or move to any point on the globe üó∫Ô∏è by means of photomontage. Swap your face between friends or swap faces with superstars and cute animals üêØ. Import photos from the photo gallery or find them on the web üåê using image search. Cut ‚úÇÔ∏è what you need, indicate where to paste the pic, and the app will do the rest. In order to make the cuts less visible on the final picture, try to use a background with 'transparent' texture (water üåä, rainbow üåà, clouds ‚òÅÔ∏è, sand üèñÔ∏è etc.). your funniest image with friends via favorite messengers and social networks üì≤.",Photo2Photo,Photography,PHOTOGRAPHY,"50,000,000+",50000000,,0,https://docs.google.com/document/d/1OECPlmKCw6ePc2Ln6TapDSwLAJMYiYjt9lmzE1cbyH8/edit,429615,"August 25, 2021",4.366588592529297,8.1M,Cut and paste any objects from one photo on another by applying seamless effect,Cut Paste Photo Seamless Edit,https://play.google.com/store/apps/details?id=com.eabdrazakov.photomontage,33.1
5.0,5.0 and up,com.outfit7.mytalkingangelafree,Contains Ads,Rated for 3+,CNY,"Talking Angela is a virtual pet with a style the whole family can enjoy!- Players can bathe her, decorate her home and feed her delicious food.- Angela has a variety of mini games designed to test skill, reflexes and puzzle solving ability.- Players can collect stylish stickers to collect and swap with other players.- Angela can select unique outfits from a huge selection of fashion items, including dresses, shoes and makeup. A new makeover whenever she wants!- She can even learn cool dance moves to her favorite songs. Whether it‚Äôs ballet, K-pop or disco - Angela takes to the stage and makes some magic!DOWNLOAD FOR FREE AND START PLAYING MY TALKING ANGELA NOW! MAKE HER A SUPERSTAR!This app is PRIVO certified. The PRIVO safe harbor seal indicates Outfit7 Limited has established COPPA compliant privacy practices to protect your child‚Äôs personal information. Our apps do not allow younger children to share their information.My Talking Angela offers users an exclusive monthly subscription, allowing access to exclusive additional gameplay features, as an optional in-app purchase.The Captain Cute monthly subscription ‚Äì which offers the Captain Cute outfit, the option to resume playing 4x per mini-game session, and unlimited energy for playing mini-games ‚Äì is priced at $4.99 per month.Payment will be charged to your Google Play account at the confirmation of purchase. The subscription automatically renews every month unless it is canceled any time before the end of the current subscription period. When you cancel your subscription, the cancellation will apply from the next subscription period onwards. You can manage and cancel your subscriptions by going to your Google Play Account settings after purchase. Please note that deleting the app does not result in cancellation of your subscription.This app contains:- Promotion of Outfit7's products and advertising- Links that direct users to other apps and Outfit7's websites- Personalization of content to entice users to play the app again- Watching videos of Outfit7's animated characters via YouTube integration- Items are available for different prices in virtual currency, depending on the current level reached by the player- Alternative options to access all functionalities of the app without making any in-app purchase using real money (level progress, games, in-game functionalities, ads)Terms of use: http://outfit7.com/eula/EEA privacy policy: https://outfit7.com/privacy/eea/US privacy policy: https://outfit7.com/privacy/Rest of the world privacy policy: https://outfit7.com/privacy/Customer support: support@outfit7.com",Outfit7 Limited,Casual,GAME_CASUAL,"500,000,000+",500000000,,0,http://outfit7.com/privacy/,13305363,"September 16, 2021",4.18831729888916,118M,"A singing, dancing fashion star from the makers of My Talking Tom!",My Talking Angela,https://play.google.com/store/apps/details?id=com.outfit7.mytalkingangelafree,5.4.0.2133
4.2,4.2 and up,com.sinyee.babybus.culture,Contains Ads,Rated for 3+,CNY,"Little Panda Chinese Festival will introduce the life in China to you. There are annual events like Chinese New Year, the Lantern Festival, Dragon Boat Festival, and the Mid-Autumn Festival.Download Little Panda Chinese Festival, cook Chinese delicacies to celebrate traditional festivals! Make rice cake with girl panda Miumiu, help boy panda Kiki win the dragon boat race, send moon  cakes to baby bunny Momo...More festival surprises await you!TRADITIONAL CHINESE FESTIVALSCelebrate Chinese New Year and many other festivals. You can select your favorite festival!SPECIAL TREATSNoodles, tofu, moon cakes, yuanxiao, colorful dumplings and more! Different food for different Chinese festival! Have fun and explore! FESTIVAL GAMESMazes, the dragon boat race, jigsaw puzzles...there are lots of festival games to choose from.¬†CHINESE PAPERMAKINGPapermaking is always fun! Let's do it together!You'll learn:- Traditional Chinese festival customs.- How to make traditional Chinese festival foods.- Improve your hand-eye coordination and learn to share with others!About BabyBus‚Äî‚Äî‚Äî‚Äî‚ÄîAt BabyBus, we dedicate ourselves to sparking kids' creativity, imagination and curiosity,and designing our products through the kids' perspective to help them explore the world on their own.Now BabyBus offers a wide variety of products, videos and other educational content for over 400 million fans from ages 0-8 around the world! We have released over 200 children's educational apps, over 2500 episodes of nursery rhymes and animations of various themes spanning the Health, Language, Society, Science, Art and other fields.‚Äî‚Äî‚Äî‚Äî‚ÄîContact us: ser@babybus.comVisit us: http://www.babybus.com",BabyBus,Educational,GAME_EDUCATIONAL,"5,000,000+",5000000,,0,http://en.babybus.com/index/privacyPolicy.shtml,10291,"August 11, 2021",4.392062187194824,94M,Cook special food and have lots of fun in Chinese Holidays!,Baby Panda‚Äôs Chinese Holidays,https://play.google.com/store/apps/details?id=com.sinyee.babybus.culture,8.48.00.01
4.4,4.4 and up,com.zobaze.pos,,Rated for 3+,CNY," ( Tools ) for any retail shop, grocery shop, supermarket, wholesale shop, trader, beauty salons & spa, small or individual business,  any service business, home business and more.Use Zobaze POS (point of sale app) instead of a cash register to track sales, inventory in real-time, manage inventory items ( products and services ), manage customers' data, view sales reports, send a digital invoice via SMS, WhatsApp, and more.And Also with POS, you get an Online eCommerce website to take orders.Convert your smartphone or tablet to a complete point of sale software that is very easy to use and handy.üëâ Free Plan for a Lifetime üôè : üëâ Premium Plan : ‚û° Sale & Billing ‚û° Online Orders Website ‚û° Inventory Management ( Products & Services )‚û° Customer Management‚û° Point of Sale Dashboard‚û° Reports‚û° Manage Multiple Business‚û° Sell from your smartphone or tablet ‚û° Sell Online via Website‚û° Manage Products & Services‚û° Send Digital Receipts/Invoices‚û° Track Sales Activity ‚û° Manage Staff Activity‚û° Manage Customers and their order history ‚û° 100% works without internet Billing Supported‚û° Barcode ScannerReplace Cash Register with our POS appTrack Each and Every Sale even with out internetApply Discounts, Tax, Other ChargersSend Digital Invoice (or) Receipts to your customer via SMS / WhatsApp / EmailTrack Inventory in real-time.Easy to add a barcode to inventory items. Easily Organize items/stock with the custom price and multiple-unit support.Add Categories to organize easily.Easy to add barcode and SKU'sTag colors, shapes, and images to items for easy organizing.Instant Add Item helps to quickly bill an item that is not in inventory.Get a Fully loaded E-commerce website for your online store with one click.Get your Online Product Catalog.Manage all your orders in one place ( online orders and StoresBilling).Add Banners and Discounted Items to the home screen.Simple to use the online website for your customers.Send Notifications to your customers.Get to know how many customers visited the store.Delivery & Curbside Pickup SystemTrack Every Order to give Loyalty rewards. Customer Credit Management Manage all your Inventory from the web back office.Export Receipts, Inventory Items, and Customer List.Import Inventory Items from excel sheet.check out  for more details.It's a Simple to use Multiuser SystemGet your staff to manage under one POSGive permission like Items Management, Admin and Customer ManagementManage all your expenses in one place.See Expense - Sale total in reports.All Country Currency SupportHelp SupportThermal Printer SupportedBuy Printer LinksMultiple Businesses ManagementWe are always looking for ways to improve the app, please send us your feedback or feature request from the app it's self or email us at android@zobaze.com","Business Apps By Zobaze - POS, Billing, Inventory",Business,BUSINESS,"500,000+",500000,,0,https://pos.zobaze.com/privacypolicy,8090,"September 16, 2021",4.47777795791626,15M,"Zobaze POS: Easy to use POS System with Inventory ,Online Order and Reports.","Free POS for Billing, Inventory and Online Orders",https://play.google.com/store/apps/details?id=com.zobaze.pos,2.4.2
4.4,4.4 and up,sg.bigo.live,,Rated for 12+,CNY,"BIGO LIVE allows you to live-stream your favorite moments, make friends from all around the world, and watch 24/7 live stream to kill boredom. - Want to watch live streams and interact with hosts in real-time- Enjoy online music concerts- Like chatting with people from around the world- Enjoy watching gaming live streams and discussing strategies- Are interested in becoming an influencer by showcasing your talents- Like to support others who work hard for their dreams- Love luxury goodsMillions of talented broadcasters, dancers, singers, foodies, comedians, and more.No boredom. BIGO LIVE can match you with locals around you or with people from all around the globe. The space for casual, drop-in audio conversations‚Äîwith friends and other interesting people around the world, similar to Clubhouse.Broadcasters with the most points will win, and losers will be punished. Dare or not? ;) Go live stream or watch other‚Äôs live-streaming popular games, such as PUBG, World of Warcraft, Minecraft, GTA, Fortnite, Dota 2, Among Us and more.Get followers, gain fans, receive gifts, make friends and become an idol to others.Instagram: @bigoliveapp / @bigolive.usaFacebook: @bigoliveappTwitter: @bigoliveappInstagram: @bigoliveappYouTube: https://www.youtube.com/bigoliveofficialAny feedback? Please contact us at feedback@bigo.tv",BIGO TECHNOLOGY PTE. LTD.,Social,SOCIAL,"100,000,000+",100000000,,0,https://mobile.bigo.tv/live/policy.html,4706312,"September 27, 2021",4.304955959320068,69M,"Live Stream, Live Video, talk to people around the world and make new friends.","BIGO LIVE‚ÄìLive Stream, Live Chat, Go Live",https://play.google.com/store/apps/details?id=sg.bigo.live,5.12.3
4.4,4.4 and up,com.king.candycrushsodasaga,Contains Ads,Rated for 3+,CNY,"Download Candy Crush Soda Saga now!From the makers of the legendary Candy Crush Saga comes Candy Crush Soda Saga! Unique candies, more divine matching combinations and challenging game modes brimming with purple soda and fun!This mouth-watering puzzle adventure will instantly quench your thirst for fun. Join Kimmy on her juicy journey to find Tiffi, by switching and matching your way through new dimensions of magical gameplay. Take on this Sodalicious Saga alone or play with friends to see who can get the highest score!Monthly season updates bring unique quests and exciting gameplay for you to explore! Complete quests to progress through the Season Pass while earning rewards and boosters to help you on your Saga.Show your competitive side in the Episode Race! Compete against other players to see who can complete levels the fastest and progress the quickest. Or work as a team in the 4 in a Row game mode where players work together for Sodalicious rewards!Candy Crush Soda Saga Features:*Over 6000 match 3 Sodalicious levels*Mouth-watering graphics, with 3D characters and an ever changing environment*Monthly Seasons all year long, filled with challenging quests and a reward-fueled Season Pass*Game modes bubbling with fun and unique candy:Soda ‚Äì Switch the bottles and match candies to release purple soda and save the Candy BearsFrosting ‚Äì Match candy to smash the ice and set the Candy Bears freeHoneycomb ‚Äì Match candies next to honeycomb to release the trapped Candy BearsJam ‚Äì Spread the jam across the board*Unique candies and scrumptious new matching combinations:Match 4 candies in a square to make a Swedish Fish!Match 7 candies for the all new Coloring Candy!*Explore juicy worlds and levels with even more characters!*Team up for tasty rewards in the 4 in a Row game mode *Complete levels in the fastest time for sweet prizes in the Episode Race!*Easy and fun to play, yet challenging to fully master*Players that Facebook Connect will have access to leaderboards where you can challenge your friends and compare your highscores!*Easily sync the game between devices to unlock the games full features when connected to the internetCandy Crush Soda Saga is completely free to play, but some in-game items such as extra moves or lives will require payment.By downloading this game you are agreeing to our terms of service; http://about.king.com/consumer-terms/termsDo not sell my data: King shares your personal information with advertising partners to personalize ads. Learn more at https://king.com/privacyPolicy. If you wish to exercise your Do Not Sell My Data rights, you can do so by contacting us via the in game help centre or by going to https://soporto.king.com/Facebook @CandyCrushSodaSagaTwitter @CandyCrushSodaInstagram @CandyCrushSagaYouTube @CandyCrushOfficialLast but not least, a big THANK YOU goes out to everyone who has played Candy Crush Soda Saga!",King,Casual,GAME_CASUAL,"100,000,000+",100000000,,0,https://king.com/privacyPolicy,8212433,"September 15, 2021",4.5279154777526855,Varies with device,A popping match 3 game! Swipe candies & solve fun puzzles. It's Sodalicious!,Candy Crush Soda Saga,https://play.google.com/store/apps/details?id=com.king.candycrushsodasaga,1.202.4
Varies with device,Varies with device,com.google.android.play.games,,Rated for 12+,CNY,"Games are more fun with the Google Play Games app. We'll help you find your next favorite game ‚Äì from action to puzzles. And with ""Instant play,"" many games require no installation. Really. Save your progress and track your achievements as you level up. Plus, you can pick up where you left off from any device.KEY FEATURES‚Ä¢  There‚Äôs no installation needed ‚Äì look for the ""Instant play"" button to instantly play full games.‚Ä¢  Play Solitaire, Minesweeper, Snake, PAC-MAN, Cricket, and Whirlybird ‚Äì even when you‚Äôre offline.‚Ä¢  Your progress is automatically saved to the cloud when you see ""Progress saved by Play Games.""‚Ä¢  Create a custom gamer ID, unlock achievements, earn XP, and level up.‚Ä¢  Easily record and share your best gameplay moments.",Google LLC,Entertainment,ENTERTAINMENT,"1,000,000,000+",1000000000,,0,http://www.google.com/policies/privacy,12287757,"September 24, 2021",4.289155006408691,Varies with device,"Play games instantly, save progress, and earn achievements.",Google Play Games,https://play.google.com/store/apps/details?id=com.google.android.play.games,Varies with device
Varies with device,Varies with device,com.instagram.android,Contains Ads,Rated for 12+,CNY,"Bringing you closer to the people and things you love. ‚Äî Instagram from FacebookConnect with friends, share what you‚Äôre up to, or see what's new from others all over the world. Explore our community where you can feel free to be yourself and share everything from your daily moments to life's highlights.Express Yourself and Connect With Friends* Add photos and videos to your INSTA story that disappear after 24 hours, and bring them to life with fun creative tools.* Message your friends in Direct. Start fun conversations about what you see on Feed and Stories.* Post photos and videos to your feed that you want to show on your profile.Learn More About Your Interests* Check out IGTV for longer videos from your favorite INSTA creators.* Get inspired by photos and videos from new INSTA accounts in Explore.* Discover brands and small businesses, and shop products that are relevant to your personal style.",Instagram,Social,SOCIAL,"1,000,000,000+",1000000000,,0,http://instagram.com/legal/privacy/,124926046,"September 22, 2021",3.8349835872650146,Varies with device,Bringing you closer to the people and things you love.,Instagram,https://play.google.com/store/apps/details?id=com.instagram.android,Varies with device
4.1,4.1 and up,com.mobile.legends,Contains Ads,Rated for 7+,CNY,"Join your friends in a brand new 5v5 MOBA showdown against real human opponents, Mobile Legends: Bang Bang! Choose your  favorite heroes and build the perfect team with your comrades-in-arms! 10-second matchmaking, 10-minute battles. Laning, jungling, tower rushing, team battles, all the fun of PC MOBAs and action games in the palm of your hand! Feed your eSports spirit!Mobile Legends: Bang Bang, outstanding MOBA game on mobile. Smash and outplay your enemies with teammates to achieve the final victory!Your phone thirsts for battle!  Real-time 5v5 battles against real opponents. Fight over 3 lanes to take the enemy‚Äôs tower. 4 jungle areas. 18 defense towers. 2 Wild Bosses. Complete reproductions of classic MOBA maps. Full-on 5v5, Human vs. Human battles. A triumphant return to genuine MOBA gameplay. Block damage, control the enemy, and heal teammates! Choose from Tanks, Mages, Marksmen, Assassins, Supports, etc. to anchor your team or be match MVP! New heroes are constantly being released! Just like classic MOBAs, there is no hero training or paying for stats. Winners and losers are decided based on skill and ability on this fair and balanced platform for competitive gaming. Play to Win, not Pay to Win. With a virtual joystick on the left and skill buttons on the right, 2 fingers are all you need to become a master! Autolock and target sifting allow you to last hit to your heart‚Äôs content. Never miss! And a convenient tap-to-equip system lets you focus on the thrill of battle! Matchmaking only takes 10 seconds, and battles last 10 minutes, glossing over the quiet early-game leveling up and jumping right into intense battles. Less boring waiting and repetitive farming, and more thrilling action and fist-pumping victories. At any place, at any moment, just pick up your phone, fire up the game, and immerse yourself in heart-pounding MOBA competition. In most MOBAs, a dropped connection means hanging your team out to dry, but with Mobile Legends: Bang Bang‚Äôs powerful reconnection system, if you get dropped, you can be back in the battle in seconds. And while you‚Äôre offline, your character will be controlled by our AI system to avoid a 5-on-4 situation.PLEASE NOTE! Mobile Legends: Bang Bang is free to download and play, however some game items can also be purchased for real money. If you do not want to use this feature, please set up password protection for purchases in the settings of your Google Play Store app. Also, under our Terms of Service and Privacy Policy, you must be at least 12 years of age to play or download Mobile Legends: Bang Bang. You can get customer service assistance via the [Contact Us] button in the game to help you with any problems you may encounter while playing. You can also find us on the following platforms. We welcome all of your Mobile Legends: Bang Bang thoughts and suggestions: mobilelegendsgame@moonton.com @mobilelegendsgame https://www.youtube.com/c/MobileLegends5v5MOBA",Moonton,Action,GAME_ACTION,"100,000,000+",100000000,,0,https://m.mobilelegends.com/en/newsdetail/475,27962236,"September 16, 2021",4.144259929656982,120M,Play 5v5 MOBA game on mobile with worldwide players.,Mobile Legends: Bang Bang,https://play.google.com/store/apps/details?id=com.mobile.legends,1.6.18.6761
4.1,4.1 and up,com.langkids.englishforkidsuk,Contains Ads,Rated for 3+,CNY,- English for Kids App is a way of learning English for kids or first-time learners. It makes learning English efficient and fun.- Easy to learn vocabulary through pictures.- Topics:ŸÄŸÄŸÄŸÄŸÄŸÄŸÄŸÄŸÄŸÄŸÄŸÄŸÄŸÄŸÄŸÄŸÄŸÄŸÄ‚Ä¢ Alphabet‚Ä¢ Numbers‚Ä¢ Colours‚Ä¢ Shapes‚Ä¢ Days of the week‚Ä¢ Months of the year‚Ä¢ Fruits‚Ä¢ Vegetables‚Ä¢ Animals‚Ä¢ Birds‚Ä¢ Food‚Ä¢ Clothes‚Ä¢ Kitchen‚Ä¢ Bathroom‚Ä¢ Living room‚Ä¢ School‚Ä¢ Sports‚Ä¢ Body parts‚Ä¢ Family‚Ä¢ Professions,LangsForKids,Education,EDUCATION,"500,000+",500000,,0,https://sites.google.com/view/langsforkids-english/,20837,"April 10, 2021",4.559659004211426,18M,This app is a way of learning English for kids or first-time learners.,English For Kids - Learn and Play,https://play.google.com/store/apps/details?id=com.langkids.englishforkidsuk,2.2
5.0,5.0 and up,com.vi.clouds.fatcash,,Rated for 3+,CNY,"‚û°Ô∏è Fat cash ProductionÔºöCash loan amount: ‚Ç± 3,000.00 - ‚Ç± 20,000.00Cash loan term: 91 days (shortest, including renewal time) - 180 days (longest, including renewal time)Maximum APR: 20%Transaction Fee: 0Service fee: No other fees‚û°Ô∏è Cash loan Interest calculation:For example: If you choose a loan limit of ‚Ç± 15,000.00 with a period of 120 days,the total interest should be paid:¬†‚Ç±¬†15,000.00 * 0.045% * 120= ‚Ç± 810.00, monthly interest shall be paid: ‚Ç± 15,000.00 * 0.045% * 30 = ‚Ç± 202.50Ôºåmonthly repayment bill including principle and interest shall be paid: ‚Ç± 15,000.00/4 + ‚Ç± 202.50 = ‚Ç± 3952.50Ôºåtotal repayment bill including principle and interest shall be paid: ‚Ç± 15,000.00 + ‚Ç± 810.00 = ‚Ç± 15,810.00.‚û°Ô∏è Why use Fat cash loan app?Fat cash is your partner for cash loan. It is one of the unique Fintech platforms in the Philippine to provide you 24-hour approval cash loan service online whenever and whatever.‚û°Ô∏è WHO CAN LEND PESO?20-60 years oldFilipino citizenHave 1 government-issued IDHave a stable income‚û°Ô∏è How simple is the cash loan process?‚Ä¢ Download the Fat cash online loan app‚Ä¢ Fill out our quick loan application in the Fat cash loan lending app‚Ä¢ Wait for evaluation‚Ä¢ Get peso cash sent directly to your bank account/Gcash/Coins ph...‚úî Fat cash advantage:‚è∞24-hour approval Cash Loan‚úâ Contact usÔºöFor any questions, feedback, or hesitations, please contact us via the following methods:Working time: 8:30 am ‚Äì 18:00 pm (Monday - Saturday)Facebook: @FatcashOfficialAddress: Craig St,SAMPALOC,NCR,CITY OF MANILA,PhilippinesEmail:cs.fatcash@gmail.com",HilandCredit-ID,Finance,FINANCE,"10,000+",10000,,0,http://phl-attach.hcloudai.com/preview/fatcash/fat_cash_privacy_policy.html,143,"September 2, 2021",3.367924451828003,10M,Safe and fast mobile phone loans,FatCash,https://play.google.com/store/apps/details?id=com.vi.clouds.fatcash,1.5
